{
  "swagger" : "2.0",
  "info" : {
    "title" : "STORIES_REST",
    "version" : "1.0.0",
    "description" : "STORIES_REST"
  },
  "paths" : {
    "/signup" : {
      "post" : {
        "operationId" : "postSignup",
        "responses" : {
          "200" : {
            "description" : "The operation was successful."
          }
        },
        "consumes" : [ "application/json" ],
        "produces" : [ "application/json" ],
        "description" : "Insert a signup",
        "parameters" : [ {
          "name" : "body",
          "in" : "body",
          "schema" : {
            "type" : "number"
          },
          "description" : "The request body for the operation",
          "required" : true
        } ]
      }
    },
    "/signin" : {
      "get" : {
        "operationId" : "getSignin",
        "responses" : {
          "200" : {
            "description" : "The operation was successful.",
            "schema" : {
              "type" : "string"
            }
          }
        },
        "produces" : [ "application/json" ],
        "description" : "Retrieve signin"
      }
    },
    "/listproducts" : {
      "post" : {
        "operationId" : "postListproducts",
        "responses" : {
          "200" : {
            "description" : "The operation was successful."
          }
        },
        "consumes" : [ "application/json" ],
        "produces" : [ "application/json" ],
        "description" : "Insert a listproducts",
        "parameters" : [ {
          "name" : "body",
          "in" : "body",
          "schema" : {
            "$ref" : "#/definitions/products"
          },
          "description" : "The request body for the operation",
          "required" : true
        } ]
      }
    },
    "/setdiscount" : {
      "post" : {
        "operationId" : "postSetdiscount",
        "responses" : {
          "200" : {
            "description" : "The operation was successful."
          }
        },
        "consumes" : [ "application/json" ],
        "produces" : [ "application/json" ],
        "description" : "Insert a setdiscount",
        "parameters" : [ {
          "name" : "body",
          "in" : "body",
          "schema" : {
            "$ref" : "#/definitions/discountInfo"
          },
          "description" : "The request body for the operation",
          "required" : true
        } ]
      }
    },
    "/getlistproduct" : {
      "get" : {
        "operationId" : "getGetlistproduct",
        "responses" : {
          "200" : {
            "description" : "The operation was successful.",
            "schema" : {
              "type" : "array",
              "items" : {
                "$ref" : "#/definitions/products"
              }
            }
          }
        },
        "produces" : [ "application/json" ],
        "description" : "Retrieve getlistproduct"
      }
    },
    "/discountconferm" : {
      "post" : {
        "operationId" : "postDiscountconfirm",
        "responses" : {
          "200" : {
            "description" : "The operation was successful."
          }
        },
        "consumes" : [ "application/json" ],
        "produces" : [ "application/json" ],
        "description" : "Insert a discountconferm",
        "parameters" : [ {
          "name" : "body",
          "in" : "body",
          "schema" : {
            "$ref" : "#/definitions/discountInfo"
          },
          "description" : "The request body for the operation",
          "required" : true
        } ]
      }
    }
  },
  "basePath" : "/stories_rest/v1",
  "definitions" : {
    "merchInfo" : {
      "type" : "object",
      "properties" : {
        "type" : {
          "type" : "string"
        },
        "mrcName" : {
          "type" : "string"
        },
        "ownerName" : {
          "type" : "string"
        },
        "address" : {
          "type" : "string"
        },
        "email" : {
          "type" : "string"
        },
        "password" : {
          "type" : "string"
        },
        "phone" : {
          "type" : "string"
        }
      },
      "required" : [ "type", "mrcName", "address", "ownerName", "email", "password", "phone" ]
    },
    "products" : {
      "type" : "array",
      "items" : {
        "type" : "object",
        "properties" : {
          "product" : {
            "type" : "array",
            "items" : {
              "type" : "object",
              "properties" : {
                "category" : {
                  "type" : "string"
                },
                "productName" : {
                  "type" : "string"
                },
                "description" : {
                  "type" : "string"
                },
                "price" : {
                  "type" : "number"
                },
                "inventory" : {
                  "type" : "integer"
                },
                "paymentOption" : {
                  "type" : "string"
                },
                "delivery" : {
                  "type" : "string"
                },
                "discount" : {
                  "$ref" : "#/definitions/discountInfo"
                },
                "merchant" : {
                  "type" : "integer"
                }
              }
            }
          }
        }
      }
    },
    "discountInfo" : {
      "type" : "object",
      "properties" : {
        "startDiscount" : {
          "type" : "string"
        },
        "endDiscount" : {
          "type" : "string"
        },
        "disPercent" : {
          "type" : "number"
        },
        "status" : {
          "type" : "string"
        },
        "productName" : {
          "type" : "string"
        },
        "disPrice" : {
          "type" : "number"
        },
        "merchant" : {
          "type" : "integer"
        }
      }
    },
    "productInfo" : {
      "type" : "object",
      "properties" : {
        "merchant" : {
          "type" : "string"
        },
        "sortby" : {
          "type" : "string"
        }
      }
    }
  }
}